Name	Address	Zipcode	URL_1	URL_2	URL_3
PALMER SECOND BAPTIST CHURCH 	1050 THORNDIKE ST PALMER MA	01069-1507	https://www.facebook.com/pages/Second-Baptist-Church/111521855554086	https://local.yahoo.com/info-10012614-second-baptist-church-palmer	http://www.faithstreet.com/church/second-baptist-church-palmer-ma
ST GEORGE CATHEDRAL 	523 E BROADWAY SOUTH BOSTON MA	02127-4415	http://www.saintgeorgecathedral.com/churchstore.html	http://www.saintgeorgecathedral.com/	https://en.wikipedia.org/wiki/Cathedral_of_St._George_Historic_District
IGLESIA BETHESDA INC 	157 ANDOVER ST LOWELL MA	01852-2348	https://causes.benevity.org/causes/840-000587764	http://www.christianvolunteering.org/orgs/iglesia-bethesda-inc.jsp	http://nccsweb.urban.org/orgs/profile.php/000587764?popup=1
MINISTERIO APOSTOLICO JESUCRISTO ES EL SENOR INC 	454 ESSEX ST LAWRENCE MA	01840-1242	http://www2.guidestar.org/ViewPdf.aspx?PdfSource=0&ein=00-0635913	http://www.christianvolunteering.org/orgs/ministerio-apostolico-jesucristo-es-el-senor-inc.jsp	https://www.fundraise.com/non-profit/lawrence-ma-ministerio-apostolico-jesucristo-es-el-senor-inc
NEW HOPE CONGREGATIONAL CHURCH 	757 SHAWMUT AVE APT 709 BOSTON MA	02119-2048	http://www.charitynavigator.org/index.cfm?bay=search.profile&ein=000765634&print=1	https://www.charitybox.com/charities/new-hope-congregational-church	https://www.pointworthy.com/view/shownpo.xhtml?product=6093183829730240
AGAPE HOUSE OF PRAYER 	39 GOODALE RD STE 2 MATTAPAN MA	02126-1527	https://www.donationplanet.org/charities/agape-house-of-prayer/	http://www.christianvolunteering.org/orgs/agape-house-prayer.jsp	http://greatnonprofits.org/org/agape-house-of-prayer_100697610
BETHANY PRESBYTERIAN CHURCH 	32 HARVARD ST BROOKLINE MA	02445-7994	http://bethanybrookline.org/	http://bethanybrookline.org/who-we-are/	http://www.yelp.com/biz/bethany-presbyterian-church-brookline
UNITY IN THE CITY 	955 MASSACHUSETTS AVE STE 117 CAMBRIDGE MA	02139-3180	https://www.unityworldwideministries.org/ministry/unity-city-cambridge-ma	http://www.brickmanre.com/955_massachusetts_ave.htm	http://www.yelp.com/biz/the-ups-store-cambridge
MIDDLESEX BARBARIANS R F C INC 	37 BOW ST WOBURN MA	01801-3636	http://www.orgcouncil.com/ma/woburn/middlesex-barbarians-r-f-c-inc-180.php	http://501c3lookup.org/middlesex_barbarians_r_f_c_inc/	https://opencorporates.com/companies/us_ma/001037180
MOLINA INSTITUTE FOR PHOTON PHYSICS RESEARCH INC 	20 WARE ST APT 24 CAMBRIDGE MA	02138-4016	http://501c3lookup.org/molina_institute_for_photon_physics_research_inc/	http://greatnonprofits.org/org/molina-institute-for-photon-physics-research-inc	http://www.nonprofitfacts.com/MA/Molina-Institute-For-Photon-Physics-Research-Inc.html
ST ROSALIAS ROMAN CATHOLIC CHURCH 	1230 65TH ST BROOKLYN NY	11219-5614	http://reginaparish.com/	http://www.thecatholicdirectory.com/directory.cfm?fuseaction=display_site_info&siteid=52974	http://www.parishesonline.com/find/st-rosalia-church-11219
CHURCH OF OUR LORD JESUS CHRIST OF MACEDONIA 	569 BROADWAY NEWARK NJ	07104-4132	https://www.facebook.com/macedoniachurchofchristnj/info	https://www.facebook.com/macedoniachurchofchristnj	http://www.placestogoinnewark.com/places/2304096-Macedonia-Church-of-Christ/
GENERAL COUNCIL OF ASSEMBLIES OF GOD FULL GOSPEL TABERNACLE 	3210 SOUTHWESTERN BLVD ORCHARD PARK NY	14127-1229	https://www.fundraise.com/non-profit/general-council-of-assemblies-of-god-full-gospel-tabernacle	http://www.nonprofitlookup.com/profile/328297.html	http://nonprofitlocator.org/organizations/ny/orchard-park/002045409-general-council-of-assemblies-of-god-full-gospel-tabernacle
TRI-COUNTY LIGHTHOUSE BAPTIST CHURCH & MINISTRIES INC 	PO BOX 102 DEERFIELD ST NJ	08313-0102	https://www.razoo.com/story/Tri-County-Lighthouse-Baptist-Church-And-Ministries	http://nccsweb.urban.org/orgs/profile.php/007764840?popup=1	http://www.webmail.charify.com/cause/tri-county-lighthouse-baptist-church-ministries-inc/7764840
HULLS COVE NEIGHBORHOOD ASSOCIATION 	PO BOX 126 HULLS COVE ME	04644-0126	http://www.guidestar.org/ViewPdf.aspx?PdfSource=0&ein=01-0002847	http://greatnonprofits.org/org/hulls-cove-neighborhood-association	http://nonprofitlocator.org/organizations/me/hulls-cove/010002847-hulls-cove-neighborhood-association
MASSACHUSETTS MODERATORS ASSOCIATION 	5 SPY ROCK HILL RD MANCHESTER MA	01944-1514	http://www.guidestar.org/ViewPdf.aspx?PdfSource=0&ein=01-0011694	http://www.orgcouncil.com/ma/manchester/massachusetts-moderators-association-694.php	http://www.bostonmagazine.com/2007/04/if-you-lived-here-youd-never-want-to-leave/
HANOVER SOCCER CLUB INC 	PO BOX 13 CEDAR KNOLLS NJ	07927-0013	http://hanoversoccer.org/	http://leagueathletics.com/?org=hanoversoccer.org	https://www.citizenaudit.org/010015091/
AGAMENTICUS YACHT CLUB OF YORK 	PO BOX 534 YORK HARBOR ME	03911-0534	http://www.aycsail.org/contact--links.html	http://marinas.com/view/marina/357_Agamenticus_Yacht_Club_York_Harbor_ME_United_States	http://www.sailingnetworks.com/organisation/map/5074
ALPHA TAU OMEGA FRATERNITY 	81 COLLEGE AVE ORONO ME	04473-4210	http://umaine.edu/greek/house-and-chapter-locations/	https://www.memberplanet.com/atoumaine	https://www.evensi.cz/alpha-tau-omega-homecoming-2015-81-college-ave/161500478
AMALGAMATED TRANSIT UNION 	PO BOX 979 PORTLAND ME	04104-0979	https://www.citizenaudit.org/010018605/	http://www.charityblossom.org/nonprofit/amalgamated-transit-union-portland-me-04104-brendon-burke-010018605/	http://www.charityblossom.org/directory/ME/Portland/04104/
AMERICAN LEGION AUXILIARY 	886B KENNEDY MEMORIAL DR OAKLAND ME	04963-4825	http://www.maineala.org/programs	http://www.maineala.org/	http://www.mapquest.com/places/american-legion-auxiliary-oakland-me-353102032
AMERICAN LEGION POST 0019 THOMAS W COLE POST 	PO BOX 801 SANFORD ME	04073-0801	http://www.guidestar.org/ViewPdf.aspx?PdfSource=0&ein=01-0018923	https://www.citizenaudit.org/010018923/	http://www.charityblossom.org/nonprofit/american-legion-post-0019-thomas-w-cole-post-sanford-me-04073-010018923/
AMERICAN LEGION POST 0005 BOURQUE LANIGAN 	21 COLLEGE AVE WATERVILLE ME	04901-6141	http://www.guidestar.org/ViewPdf.aspx?PdfSource=0&ein=01-0018927	http://nonprofits.findthecompany.com/l/35117/American-Legion-Post-0005-Bourque-Lanigan	https://www.citizenaudit.org/010018927/
AMERICAN LEGION 	5 VERTI DR WINSLOW ME	04901-0727	http://www.mainelegion.org/	http://www.mainelegion.org/pages/membership/maine-posts.php	http://www.mainelegion.org/pages/officers.php
ANCIENT FREE & ACCEPTED MASONS OF MAINE GRAND LODGE 	PO BOX 430 HOLDEN ME	04429-0430	http://www.mainemason.org/	http://www.mainemason.org/contactus.asp	http://www.faqs.org/tax-exempt/ME/Ancient-Free-Accepted-Masons-Of-Maine-Grand-Lodge.html
ANCIENT FREE & ACCEPTED MASONS OF MAINE 	20 GABRADAK LN CHELSEA ME	04330-1377	https://www.donationplanet.org/charities/ancient-free-accepted-masons-of-maine/	https://www.charitybox.com/charities/ancient-free-accepted-masons-of-maine	http://nonprofitlocator.org/organizations/me/chelsea/010019708-ancient-free-and-accepted-masons-of-maine
MAINE STATE CHAMBER OF COMMERCE 	125 COMMUNITY DR STE 101 AUGUSTA ME	04330-8157	http://www.mainechamber.org/aboutus.php	http://www.mainechamber.org/blueoptions.php	http://www.mainechamber.org/directions.php
AUGUSTA COUNTRY CLUB 	19 HAMMONS GROVE MANCHESTER ME	04351-0000	http://www.augustacountryclub.org/	http://www.tripadvisor.com/Attraction_Review-g40730-d5114254-Reviews-Augusta_Country_Club-Manchester_Maine.html	https://www.facebook.com/pages/Augusta-Country-Club/118313352751
KENNEBEC VALLEY CHAMBER OF COMMERCE 	PO BOX 676 AUGUSTA ME	04332-0676	https://augustamaine.com/	http://local.townsquarepublications.com/maine/kennebecvalley/	http://business.neacce.com/list/member/kennebec-valley-chamber-of-commerce-augusta-9559
BANGOR BAND 	647 MAIN ST BANGOR ME	04401-6871	http://www.bangorband.org/contact/	http://www.bangorband.org/auditions/	http://www.bangorband.org/support/
BANGOR REGION CHAMBER OF COMMERCE 	20 SOUTH ST BANGOR ME	04401-6444	http://www.bangorregion.com/	http://www.bangorregion.com/index.php?id=450	http://www.bangorregion.com/feed.php?num=4&news_id=371&feed_id=2
BENEVOLENT & PROTECTIVE ORDER OF ELKS OF THE USA 	108 ODLIN RD BANGOR ME	04401-6704	http://elksclubbangor.org/	http://www.elks.org/lodges/home.cfm?lodge=244	http://www.elks.org/lodges/contactus.cfm?lodge=244
BANGOR SYMPHONY ORCHESTRA 	PO BOX 1441 BANGOR ME	04402-1441	http://www.bangorsymphony.org/page/871/contact	https://www.bangorsymphony.org/	http://www.bangorsymphony.org/page/865/box-office
BAR HARBOR VILLAGE IMPROVEMENT ASSOCIATION 	PO BOX 52 BAR HARBOR ME	04609-0052	http://www.acadiacentennial2016.org/sponsors/bar-harbor-village-improvement-association/	http://www.faqs.org/tax-exempt/ME/Bar-Harbor-Village-Improvement-Association.html	https://www.donationplanet.org/charities/bar-harbor-village-improvement-association/
ANCIENT FREE & ACCEPTED MASONS OF MAINE 	1 TUFTS RD BELFAST ME	04915-7513	https://www.citizenaudit.org/010027415/	https://www.charitybox.com/charities/ancient-free-accepted-masons-of-maine-da73cae8-2728-414b-80c9-dfc1ae880954	https://www.donationplanet.org/charities/ancient-free-accepted-masons-of-maine-2/
BENEVOLENT & PROTECTIVE ORDER OF ELKS OF THE USA 	PO BOX 2206 AUGUSTA ME	04338-2206	https://www.elks.org/lodges/home.cfm?LodgeNumber=964	http://www.elks.org/lodges/contactus.cfm?LodgeNumber=964	http://www.elks.org/lodges/ContactUs.cfm?LodgeNumber=0964
BENEVOLENT & PROTECTIVE ORDER OF ELKS OF THE USA 	86 MAIN ST HOULTON ME	04730-2121	https://www.elks.org/lodges/home.cfm?LodgeNumber=835	http://www.yellowpages.com/houlton-me/mip/elks-bpo-the-benevolent-protective-order-of-elks-of-the-usa-504377495	http://www.maineelks.org/membership.html
BENEVOLENT & PROTECTIVE ORDER OF ELKS OF THE USA 	1675 LISBON ST LEWISTON ME	04240-3520	https://www.elks.org/lodges/home.cfm?LodgeNumber=371	http://www.elks.org/lodges/contactus.cfm?LodgeNumber=371	https://www.elks.org/lodges/lodgedirectory.cfm?LodgeNumber=371
BENEVOLENT & PROTECTIVE ORDER OF ELKS OF THE USA 	1945 CONGRESS ST PORTLAND ME	04102-1903	http://www.elks.org/lodges/home.cfm?lodge=188	http://www.elks.org/lodges/contactus.cfm?LodgeNumber=188	https://www.elks.org/lodges/lodgedirectory.cfm?LodgeNumber=188
BENEVOLENT & PROTECTIVE ORDER OF ELKS OF THE USA 	PO BOX 983 ROCKLAND ME	04841-0983	http://www.elks.org/lodges/contactus.cfm?LodgeNumber=1008	http://www.faqs.org/tax-exempt/ME/Benevolent-Protective-Order-Of-Elks-Of-The-Usa-1008-Rockland.html	http://www.maineelks.org/membership.html
BETA THETA PI FRATERNITY 	12 MUNSON ROAD ORONO ME	04469-0001	http://www.umainebeta.org/	http://www.umainebeta.org/betaetarush.html	http://www.umainebeta.org/betaetahistory.html
BIDDEFORD SACO CHAMBER OF COMMERCE INC 	28 WATER ST STE 1 BIDDEFORD ME	04005-5604	https://www.facebook.com/BiddefordSacoChamber/	http://www.facebook.com/BiddefordSacoChamber?hc_location=timeline	http://www.mainetourism.com/services/biddeford-saco-chamber-of-commerce-industry-2g
BOOTHBAY HARBOR YACHT CLUB 	PO BOX 497 W BOOTHBY HBR ME	04575-0497	http://www.faqs.org/tax-exempt/ME/Boothbay-Harbor-Yacht-Club.html	https://www.donationplanet.org/charities/boothbay-harbor-yacht-club/	http://nonprofits.findthecompany.com/l/39210/Boothbay-Harbor-Yacht-Club
CAMDEN YACHT CLUB 	PO BOX 204 CAMDEN ME	04843-0204	http://camdenyachtclub.org/contacts/	http://camdenyachtclub.org/youth-caysp/caysp-information/	http://camdenyachtclub.org/wp-content/uploads/2015/05/2015registration_form.pdf
PORTLAND REGIONAL CHAMBER 	443 CONGRESS STREET PORTLAND ME	04101-3531	http://www.portlandregion.com/	http://www.portlandregion.com/about-us.html	http://www.portlandregion.com/staff.html
ANDROSCOGGIN COUNTY CHAMBER OF COMMERCE 	PO BOX 59 LEWISTON ME	04243-0059	http://www.androscoggincounty.com/chamber/contact-us.aspx	http://www.androscoggincounty.com/chamber/	http://www.androscoggincounty.com/external/wcpages/wcwebcontent/webcontentpage.aspx?contentid=422
COMMUNITY CHRISTMAS PROJECT INC 	PO BOX 581 PITTSFIELD ME	04967-0581	https://www.fundraise.com/non-profit/pittsfield-me-community-christmas-project-inc	http://www.christianvolunteering.org/orgs/community-christmas-project-inc.jsp	https://211maineportal.communityos.org/zf/profile/agency/id/468190
CHRISTIAN CIVIC LEAGUE OF MAINE INC 	70 SEWALL ST AUGUSTA ME	04330-6333	http://www.manta.com/c/mmjhpt9/christian-civic-league-maine	http://aolsvc.mapquest.aol.com/us/maine/business-augusta/christian-civic-league-maine-460237	https://projects.propublica.org/nonprofits/organizations/10044660
CUMBERLAND BAR ASSOCIATION 	PO BOX 434 FREEPORT ME	04032-0434	http://cumberlandbar.org/	http://cumberlandbar.org/membership	http://cumberlandbar.org/grants
CUMBERLAND CLUB 	116 HIGH ST PORTLAND ME	04101-3815	http://cumberlandclub.org/	http://cumberlandclub.org/dining-at-the-club/	http://cumberlandclub.org/about/
HALLOWELL CENTENNIAL BURIAL GROUND ASSN INC 	10 LITCHFIELD RD HALLOWELL ME	04347-1109	http://www.guidestar.org/ViewPdf.aspx?PdfSource=0&ein=01-0055140	https://www.donationplanet.org/charities/hallowell-centennial-burial-ground-assn-inc/	http://www.faqs.org/tax-exempt/ME/Hallowell-Centennial-Burial-Ground-Assn-Inc.html
DEMERRITT CEMETERY ASSOC 	PO BOX 78 PERU ME	04290-0078	http://www.sunjournal.com/news/funeral-notices/2015/10/15/funeral-notices-thursday-oct-15-2015/1801155	http://www.sunjournal.com/news/funeral-notices/2015/10/13/funeral-notices-tuesday-oct-13-2015/1799583	http://www.sunjournal.com/news/funeral-notices/2014/11/07/funeral-notices-friday-nov-7-2014/1614985
EASTERN MAINE ELECTRIC COOPERATIVE INC 	21 UNION ST CALAIS ME	04619-1819	http://www.emec.com/	http://www.mapquest.com/us/maine/business-calais/eastern-maine-elect-co-op-inc-476991	http://www.yellowpages.com/calais-me/mip/eastern-maine-elect-co-op-inc-452440413
NATIONAL KITCHEN & BATH ASSO 	8 LIGHTHOUSE POINT RD CAPE ELIZ ME	04107-9525	http://nkbamaine.org/about/	http://www.capecourier.com/archive/2015/20150408.pdf	http://www.capecourier.com/archive/2012/20120208.pdf
FRATERNAL ORDER OF EAGLES 	164 WATER ST SKOWHEGAN ME	04976-1735	http://www.yellowpages.com/skowhegan-me/mip/fraternal-order-of-eagles-462918803	http://www.skowhegan.org/index.aspx?nid=305	https://local.yahoo.com/info-10459661-fraternal-order-of-eagles-skowhegan?csz=Carrabassett+Valley%2C+ME&stx=Private+Clubs
FRATERNAL ORDER OF EAGLES 	184 SAINT JOHN ST PORTLAND ME	04102-3021	http://www.mapquest.com/us/maine/business-portland/fraternal-order-of-eagles-21108644	http://www.portlandeagles.com/	http://www.whitepages.com/business/fraternal-order-of-eagles-portland-me
FRATERNAL ORDER OF EAGLES 	57 BIRCH ST BIDDEFORD ME	04005-3311	http://www.mapquest.com/us/maine/business-biddeford/fraternal-order-of-eagles-426528	http://www.yellowpages.com/biddeford-me/mip/fraternal-order-of-eagles-456805430	http://www.superpages.com/bp/Biddeford-ME/Eagles-804-Fraternal-Order-Of-Eagles-L0000868917.htm
BENEVOLENT & PROTECTIVE ORDER OF ELKS OF THE USA 	76 INDUSTRIAL ST WATERVILLE ME	04901-5774	http://www.maineelks.org/membership.html	https://www.facebook.com/Elks905	https://www.elks.org/lodges/LodgePages.cfm?LodgeNumber=905&ID=10954
INTERNATIONAL ASSOCIATION OF LIONS CLUBS 	PO BOX 627 ELLSWORTH ME	04605-0627	http://www.nonprofitfacts.com/ME/International-Association-Of-Lions-Clubs-Ellsworth-Loins-Club.html	http://greatnonprofits.org/org/international-association-of-lions-clubs-486	http://www.faqs.org/tax-exempt/ME/International-Association-Of-Lions-Clubs-Naples-Lions-Club.html
INDEPENDENT ORDER OF ODD FELLOWS 	PO BOX 16 NEW HARBOR ME	04554-0016	http://www.orgcouncil.com/me/new-harbor/independent-order-of-odd-fellows-817.php	http://www.charityblossom.org/nonprofit/independent-order-of-odd-fellows-new-harbor-me-04554-martin-leeman-010067817/	http://nonprofitlocator.org/organizations/me/new-harbor/010067817-independent-order-of-odd-fellows
FRATERNAL ORDER OF EAGLES 	1327 SABATTUS RD LEWISTON ME	04240-2115	http://www.yellowpages.com/lewiston-me/mip/fraternal-order-of-eagles-455815003	http://aolsvc.mapquest.aol.com/us/maine/business-lewiston/fraternal-order-of-eagles-454330/print	http://www.mapquest.com/us/maine/business-lewiston/fraternal-order-of-eagles-454330
CPORT CREDIT UNION 	50 RIVERSIDE INDUSTRIAL PKWY PORTLAND ME	04103-1426	https://www.cportcu.org/	https://www.cportcu.org/locations-hours/branches/	https://www.cportcu.org/contact-us/
GREENWOOD CEMETERY ASSOCIATION 	PO BOX 1323 BIDDEFORD ME	04005-1323	https://projects.propublica.org/nonprofits/organizations/10083190	http://www.faqs.org/tax-exempt/ME/Greenwood-Cemetery-Association.html	http://nonprofitlocator.org/organizations/me/biddeford/010083190-greenwood-cemetery-association
HARBOR CLUB INC 	PO BOX 884 MOUNT DESERT ME	04660-0884	http://www.faqs.org/tax-exempt/ME/Harbor-Club-Inc.html	https://projects.propublica.org/nonprofits/organizations/10086202	https://www.citizenaudit.org/010086202/
HOPE CEMETERY CORPORATION 	PO BOX 211 KENNEBUNK ME	04043-0211	http://www.hopecemeterykennebunk.com/index.php/news-and-information/contact-us	http://www.hopecemeterykennebunk.com/index.php/8-information?start=8	http://www.hopecemeterykennebunk.com/index.php/news-and-information/directions
IMPROVED ORDER OF REDMEN OF MAINE 	44 THOMAS RD STANDISH ME	04084-5459	http://www.manta.com/c/mb56ryf/improved-order-of-redmen-of-maine	http://www.smallbusinessdb.com/improved-order-of-redmen-of-maine-standish-me-04084.htm	http://www.merchantcircle.com/improved-order-of-redmen-of-maine1-standish-me
INDEPENDENT ORDER OF ODD FELLOWS 	80 CARON LN AUBURN ME	04210-4289	http://www.oddfellowsofmaine.com/	http://www.manta.com/c/mw2mz5n/independent-order-of-odd-fellows-grand-lodge-of-maine	http://www.yellowpages.com/auburn-me/independent-order-of-odd-fellows
INDEPENDENT ORDER OF ODD FELLOWS 	80 CARON LN AUBURN ME	04210-4289	http://www.oddfellowsofmaine.com/	http://www.manta.com/c/mw2mz5n/independent-order-of-odd-fellows-grand-lodge-of-maine	http://addresscustomerservicecenternumber.com/Address-Email-Website-Contact-Number-of-Independent-Order-Of-Odd-Fellows---Grand-Lodge-Of-Maine-in-Auburn-ME/
INDEPENDENT ORDER OF ODD FELLOWS 	54 MOUNT EPHRAIM RD SEARSPORT ME	04974-3397	https://www.donationplanet.org/charities/independent-order-of-odd-fellows-4/	http://www.charityblossom.org/nonprofit/independent-order-of-odd-fellows-searsport-me-04974-don-dismore-010095497/	http://www.nonprofitlookup.com/profile/557464.html
INTERNATIONAL BROTHERHOOD OF ELECTRICAL WORKERS 	PO BOX 1289 LEWISTON ME	04243-1289	http://www.faqs.org/tax-exempt/ME/International-Brotherhood-Of-Electrical-Workers-0567-Local.html	http://www.faqs.org/tax-exempt/ME/International-Brotherhood-Of-Electrical-Workers-1768-Local.html	http://www.ibew104.org/contact-us/
INTERNATIONAL BROTHERHOOD OF TEAMSTERS 	144 THADEUS ST S PORTLAND ME	04106-6239	http://teamsterslocal340.com/?zone=/unionactive/view_page.cfm&page=Retirees	http://www.teamsterslocal340.org/retirees.html	http://www.teamsterslocal340.org/index.cfm?zone=/unionactive/private_view_article.cfm&HomeID=511096
UNITED STEELWORKERS 	PO BOX 1320 BUCKSPORT ME	04416-1320	https://www.donationplanet.org/charities/united-steelworkers/	https://projects.propublica.org/nonprofits/organizations/10095770	http://nonprofits.findthecompany.com/l/166720/United-Steelworkers-in-Bucksport-ME
ISLAND COUNTRY CLUB 	442 SUNSET RD DEER ISLE ME	04627-3869	http://www.islandcountryclub.net/	http://www.islandcountryclub.net/golf.htm	https://www.facebook.com/islandcountryclub
ISLAND HOME CLUB 	156 MEADOW LN NEW GLOUCESTR ME	04260-3630	http://www.manta.com/c/mw22x5f/island-home-club	https://start.cortera.com/company/research/l2k8jym2j/island-home-club/	http://island-home-club.new-gloucester.me.amfibi.directory/us/c/11048508-island-home-club
KENNEBUNK RIVER CLUB 	PO BOX 994 KENNEBUNKPORT ME	04046-0994	http://www.kennebunkriverclub.com/contact.php	http://www.kennebunkriverclub.com/	http://www.kennebunkriverclub.com/cluboverview.php
KIWANIS INTERNATIONAL INC 	499 BROADWAY 253 BANGOR ME	04401-3460	https://www.donationplanet.org/charities/kiwanis-international-inc/	http://www.orgcouncil.com/me/bangor/kiwanis-international-inc-025.php	https://projects.propublica.org/nonprofits/organizations/16018763
KNIGHTS OF PYTHIAS OF MAINE GRAND LODGE 	21 OAK HILL RD OTIS ME	04605-6831	http://www.guidestar.org/ViewPdf.aspx?PdfSource=0&ein=01-0102346	http://www.mainepythian.byethost4.com/mainelodges.htm	http://www.nonprofitfacts.com/ME/Knights-Of-Pythias-Of-Maine-Col-Brewer-Lodge-56-Knights-Of-Pythias.html
LAUREL HILL CEMETERY ASSOCIATION 	293 BEACH ST SACO ME	04072-2935	https://www.facebook.com/pages/Laurel-Hill-Cemetery-Assoc/121270014554095	https://www.agingcare.com/local/Laurel-Hill-Cemetery-Association-Saco-Cemeteries-ME	https://local.yahoo.com/info-10405390-laurel-hill-cemetery-association-saco
ANCIENT ACCEPTED SCOTTISH RITE OF FREE MASONRY NMJ 	PO BOX 303 BOWDOINHAM ME	04008-0303	http://www.faqs.org/tax-exempt/ME/Ancient-Accepted-Scottish-Rite-Of-Free-Masonry-Nmj-Valley-Of-The-Androscoggin-Rose-Croix.html	https://www.donationplanet.org/charities/ancient-accepted-scottish-rite-of-free-masonry-nmj/	https://www.donationplanet.org/charities/ancient-accepted-scottish-rite-of-free-masonry-nmj-2/
AMERICAN FEDERATION OF LABOR & CONGRESS OF INDUSTRIAL ORGS 	21 GABRIEL DR AUGUSTA ME	04330-7852	http://www.faqs.org/tax-exempt/ME/American-Federation-Of-Labor-Congress-Of-Industrial-Orgs-Afl-Cio-Maine-State.html	http://www.faqs.org/tax-exempt/ME/American-Federation-Of-Labor-Congress-Of-Industrial-Orgs-Me-State-Bldg-Construction-Trades.html	https://projects.propublica.org/nonprofits/organizations/10113840
MAINE EDUCATION ASSOCIATION 	35 COMMUNITY DR AUGUSTA ME	04330-8005	http://maine.nea.org/	http://www.maine.nea.org/home/175.htm	http://www.maine.nea.org/home/181.htm
MAINE WATER UTILITIES ASSOCIATION 	150 CAPITOL ST STE 5 AUGUSTA ME	04330-6858	http://www.mwua.org/	http://www.mwua.org/events/	http://www.mwua.org/about/statewide-employment-opportunities/
MAINE WOMANS CHRISTIAN TEMPERANCE 	714 CONGRESS ST PORTLAND ME	04102-3306	https://en.wikipedia.org/wiki/Neal_Dow_House	http://www.yelp.com/biz/womens-christian-temperance-union-portland	http://www.manta.com/c/mmd75y9/women-s-christian-temperance
MECHANIC FALLS MAPLE GROVE CEMETERY INC 	67 ROBERTS RD NORWAY ME	04268-5328	http://www.faqs.org/tax-exempt/ME/Mechanic-Falls-Maple-Grove-Cemetery-Inc.html	http://www.guidestar.org/ViewPdf.aspx?PdfSource=0&ein=01-0114721	https://www.fundraise.com/non-profit/norway-me-mechanic-falls-maple-grove-cemetery-inc
WATERVILLE MASONIC ASSOCIATION 	20 ED LN BENTON ME	04901-2915	https://www.donationplanet.org/charities/waterville-masonic-association/	https://www.citizenaudit.org/010116360/	http://nccsweb.urban.org/orgs/profile.php/010116360?popup=1
MASONIC TRUSTEES OF PORTLAND 	415 CONGRESS STREET PORTLAND ME	04101-3500	http://www.portlandmasonic.com/	http://www.portlandmasonic.com/about.html	http://www.portlandmasonic.com/library.html
SHRINERS INTERNATIONAL 	11 SABATTUS ST LEWISTON ME	04240-7038	http://www.korashriners.org/	http://www.korashriners.org/about-us/	https://local.yahoo.com/info-10425101-shriners-international-kora-shriners-lewiston?csz=Lewiston%2C+ME&stx=Private+Clubs
MEGANTIC FISH & GAME CORP 	6 FUNDY CIRCLE FALMOUTH ME	04105-1779	http://www.faqs.org/tax-exempt/ME/Megantic-Fish-Game-Corp.html	http://nonprofits.findthecompany.com/l/189451/Megantic-Fish-And-Game-Corporation	https://www.citizenaudit.org/010119375/
MEGUNTICOOK GOLF CLUB 	PO BOX 806 ROCKPORT ME	04856-0806	http://www.megunticookgolf.com/content/Contacts/Contacts	http://www.megunticookgolf.com/Assets/quick%20reference%20-%20club%20personnel.pdf	http://www.megunticookgolf.com/content/email_calendar/email_calendar?Show=event&month=6&evtID=650
MT HOPE CEMETERY CORP 	PO BOX 663 BANGOR ME	04402-0663	http://www.mthopebgr.com/assets/book-form-complete-history.pdf	http://www.mthopebgr.com/assets/book-form-20th-century-history.pdf	http://www.yellowpageusa.net/416702-mt-hope-cemetery-corp.html
MT PLEASANT CEMETERY CORP 	PO BOX 2383 S PORTLAND ME	04116-2383	http://www.faqs.org/tax-exempt/ME/Mt-Pleasant-Cemetery-Corp.html	https://projects.propublica.org/nonprofits/organizations/10124841	http://nonprofitlocator.org/organizations/me/south-portland/010124841-mt-pleasant-cemetery-corp
NEW AUBURN SOCIAL CLUB INC 	7 SECOND ST AUBURN ME	04210-6847	http://www.yelp.com/biz/new-auburn-social-club-auburn	http://www.city-data.com/me-restaurants/new-auburn-social-club-inc.html	http://www.androscoggincounty.com/Service-Organizations/New-Auburn-Social-Club-3598
BENEVOLENT & PROTECTIVE ORDER OF ELKS OF THE USA 	7 LAMBARD STREET BATH ME	04530-0000	https://projects.propublica.org/nonprofits/organizations/10129660	http://www.faqs.org/tax-exempt/ME/Benevolent-Protective-Order-Of-Elks-Of-The-Usa-9-Lambard-St.html	http://www.faqs.org/tax-exempt/ME/Benevolent-Protective-Order-Of-Elks-Of-The-Usa-1293-Gardiner.html
NORTH AUBURN CEMETERY ASSOCIATION INC 	625 N AUBURN RD AUBURN ME	04210-8716	https://www.citizenaudit.org/010130065/	http://www.nonprofitlookup.com/profile/557088.html	https://www.donationplanet.org/charities/north-auburn-cemetery-association-inc/
NORTH HAVEN CASINO 	PO BOX 337 NORTH HAVEN ME	04853-0337	http://northhavencasino.org/classes.php	http://northhavencasino.org/forgot.php	http://northhavencasino.org/tennis.php
NORTHEAST HARBOR TENNIS CLUB 	48 BUTLER RD MOUNT DESERT ME	04660-6621	http://www.faqs.org/tax-exempt/ME/Northeast-Harbor-Tennis-Club.html	https://projects.propublica.org/nonprofits/organizations/10130335	http://greatnonprofits.org/org/northeast-harbor-tennis-club
BRIDGTON HOSPITAL 	10 HOSPITAL DR BRIDGTON ME	04009-1148	http://www.bridgtonhospital.org/	http://www.bridgtonhospital.org/find-a-provider	http://www.bridgtonhospital.org/telephone-directories
OAK GROVE CEMETERY ASSO 	128 COBBOSSEE AVE GARDINER ME	04345-9050	http://www.faqs.org/tax-exempt/ME/Oak-Grove-Cemetery-Asso.html	http://www.nonprofitlookup.com/profile/868750.html	http://nonprofits.findthecompany.com/l/129141/Oak-Grove-Cemetery-Asso
OAKDALE COUNTRY CLUB 	13 COUNTRY CLUB RD MEXICO ME	04257-1867	https://www.facebook.com/pages/Oakdale-Country-Club/124661954223098	https://www.facebook.com/Oakdale-Country-Club-124661954223098/	http://www.yelp.com/biz/oakdale-country-club-mexico
ODD FELLOWS HALL CO OF DEERING OF IOOF 6 	651 FOREST AVE PORTLAND ME	04101-1525	http://www.manta.com/c/mrprxtz/odd-fellows-hall-co-of-deering-of-ioof-6	https://projects.propublica.org/nonprofits/organizations/10131770	http://odd-fellows-hall-co-of-deering-ioof-6.portland.me.amfibi.directory/us/c/9557977-odd-fellows-hall-co-of-deering-ioof-6
PLANT MEMORIAL HOME 	1 WASHINGTON ST BATH ME	04530-1634	http://planthome.org/	http://planthome.org/contact/	http://planthome.org/administration/
OQUOSSOC ANGLING ASSOC 	59 MARTIN RD CONCORD MA	01742-1805	https://projects.propublica.org/nonprofits/organizations/10132580	http://www.faqs.org/tax-exempt/RI/Oquossoc-Angling-Assoc.html	https://www.charitybox.com/charities/oquossoc-angling-assoc
ORCHARD GROVE CEMETERY ASSOCIATION 	167 ROGERS RD KITTERY ME	03904-1449	http://www.faqs.org/tax-exempt/ME/Orchard-Grove-Cemetery-Association.html	https://projects.propublica.org/nonprofits/organizations/10132610	http://www.orgcouncil.com/me/kittery/orchard-grove-cemetery-association-610.php
ORDER OF THE EASTERN STAR OF MAINE 	PO BOX 459 PERU ME	04290-0459	http://www.maineoes.org/contact-us.html	https://www.donationplanet.org/charities/order-of-the-eastern-star-of-maine/	http://www.easternstar.org/grand-chapters/grand-chapters-under-ggc/grand-secretary-contacts/
AMERICAN LEGION 	184 CONGRESS ST RUMFORD ME	04276-2034	https://local.yahoo.com/info-60691579-american-legion-rumford	http://www.superpages.com/bp/Rumford-ME/American-Legion-L0142719506.htm	http://www.mapquest.com/us/maine/business-rumford/american-legion-458104
OXFORD COUNTY AGRICULTURAL SOCIETY 	PO BOX 193 NORWAY ME	04268-0193	https://projects.propublica.org/nonprofits/organizations/10133442	https://www.fundraise.com/non-profit/norway-me-oxford-county-agricultural-society	http://www.guidestar.org/ViewPdf.aspx?PdfSource=0&ein=01-0133442
LE PASSE-TEMPS INC 	45 CEDAR ST LEWISTON ME	04240-7803	http://www.city-data.com/me-restaurants/le-passe-temps-inc.html	http://www.manta.com/c/mb5qnzr/le-passe-temps-inc	https://credibility.com/drinking-places-alcoholic-beverages/us-me-lewiston/le-passetemps-inc
PINE GROVE CEMETERY ASSOCIATION 	300 FRONT ST BATH ME	04530-2651	https://www.charitybox.com/charities/pine-grove-cemetery-association	http://www.nonprofitfacts.com/ME/Pine-Grove-Cemetery-Association-2.html	http://www.faqs.org/tax-exempt/index-ME-Ph-Po.html
PINE GROVE CEMETERY CORP 	9 WAITES LANDING RD FALMOUTH ME	04105-1931	http://www.mapquest.com/us/maine/business-falmouth/pine-grove-cemetery-corp-449421	http://www.yellowpages.com/falmouth-me/mip/pine-grove-cemetery-corp-6286377	https://local.yahoo.com/info-10419828-pine-grove-cemetery-corporation-falmouth
KNIGHTS OF COLUMBUS 	29 EDWARDS ST PORTLAND ME	04102-2533	http://www.orgcouncil.com/me/portland/knights-of-columbus-655.php	http://www.nonprofitlookup.com/profile/556919.html	http://www.nonprofitfacts.com/ME/Knights-Of-Columbus-Council-101-Portland-Maine.html
PORTLAND COUNTRY CLUB 	11 FORESIDE RD FALMOUTH ME	04105-1730	http://www.portlandcountryclub.org/	http://www.portlandcountryclub.org/club/scripts/view/view_directions.asp?NS=PUBLIC	http://www.portlandcountryclub.org/club/scripts/section/section.asp?GRP=10774&NS=GI
PORTLAND YACHT CLUB 	40 OLD POWERHOUSE RD FALMOUTH ME	04105-1616	http://www.portlandyachtclub.com/	http://www.portlandyachtclub.com/cruising/	http://www.portlandyachtclub.com/about-us/
ANCIENT ACCEPTED SCOTTISH RITE OF FREE MASONRY NMJ 	PO BOX 303 BOWDOINHAM ME	04008-0303	http://www.faqs.org/tax-exempt/ME/Ancient-Accepted-Scottish-Rite-Of-Free-Masonry-Nmj-Valley-Of-The-Androscoggin-Rose-Croix.html	https://www.donationplanet.org/charities/ancient-accepted-scottish-rite-of-free-masonry-nmj/	https://www.donationplanet.org/charities/ancient-accepted-scottish-rite-of-free-masonry-nmj-2/
PROUTS NECK ASSOCIATION 	499 BLACK POINT RD SCARBOROUGH ME	04074-8616	http://www.mesga.org/club/scripts/memfac/view_memfac.asp?MFID=91&S=L&GRP=..	http://www.manta.com/c/mmjmzdq/prouts-neck-country-club	http://www.faqs.org/tax-exempt/ME/Prouts-Neck-Association.html
PROUTS NECK COUNTRY CLUB 	499 BLACK POINT RD SCARBOROUGH ME	04074-8616	http://www.golflink.com/golf-courses/course.aspx?course=504945	http://www.golfnow.com/course-directory/maine-golf-courses/scarborough-golf-courses/prouts-neck-country-club	http://www.mainedirectory.co/business/services/profile/clubs-service-companies/864108/prouts-neck-country-club/6860870/
PROUTS NECK YACHT CLUB 	499 BLACK POINT RD SCARBOROUGH ME	04074-8616	http://marinas.com/view/marina/1650_Prouts_Neck_Yacht_Club_Scarborough_ME_United_States	http://www.marinalife.com/reservations/8628-prouts-neck-yacht-club-scarborough-me	https://foursquare.com/v/prouts-neck-yacht-club/4c0aae64bbc676b0a44a4ad5
PURPOODOCK CLUB 	300 SPURWINK AVE CAPE ELIZ ME	04107-9614	http://www.purpoodock.com/	http://www.purpoodock.com/club/scripts/library/view_document.asp?GRP=7&NS=PUBLIC&APP=80&DN=DIRECTIONS	http://www.purpoodock.com/club/scripts/section/section.asp?NS=PG
RANGELEY LIBRARY ASSOCIATION 	PO BOX 381 RANGELEY ME	04970-0381	http://www.faqs.org/tax-exempt/ME/Rangeley-Library-Association.html	http://www.creativeground.org/profile/rangeley-library-association	http://nonprofitlocator.org/organizations/me/rangeley/010147000-rangeley-library-association
PORTLAND ROTARY CLUB 	PO BOX 1755 PORTLAND ME	04104-1755	http://www.portlandrotary.org/SitePage/contact-us	http://clubs-me.necomps.com/portland-2/rotary-club-3/	http://maine-businessdirectory.com/company-rotary-club_66399
BENEVOLENT & PROTECTIVE ORDER OF ELKS OF THE USA 	60 RIVER ST RUMFORD ME	04276-2017	http://www.elks.org/lodges/home.cfm?lodge=862	http://www.elks.org/lodges/contactus.cfm?lodge=862	http://www.maineelks.org/membership.html
GREATER RUMFORD COMMUNITY CENTER 	PO BOX 239 RUMFORD ME	04276-0239	http://www.faqs.org/tax-exempt/ME/Greater-Rumford-Community-Center.html	https://projects.propublica.org/nonprofits/organizations/10153128	https://www.charitybox.com/charities/greater-rumford-community-center
LINCOLNHEALTH 	35 MILES ST DAMARISCOTTA ME	04543-4047	http://www.mainehealth.org/miles_homepage.cfm?id=509	http://www.mainehealth.org/lch_body.cfm?id=6652	http://www.mainehealth.org/miles_body.cfm?id=541
ST CROIX CLUB INC 	PO BOX 1255 CALAIS ME	04619-6255	http://www.orgcouncil.com/me/calais/st-croix-club-inc-996.php	https://www.donationplanet.org/charities/st-croix-club-inc/	http://www.charityblossom.org/directory/ME/Calais/?page=2
MAINE BANKERS ASSOCIATION 	489 CONGRESS STREET PORTLAND ME	04101-3414	http://www.mainebankers.com/	http://www.mainebankers.com/maine-banks-events-education/events/	http://www.mainebankers.com/member-banks/
SHAKER SOCIETY 	707 SHAKER RD NEW GLOUCESTR ME	04260-2652	http://maineshakers.com/	http://www.yelp.com/biz/shaker-society-new-gloucester	https://www.facebook.com/sabbathdaylakeshakervillage/
SIGMA DELTA SORORITY 	DARTMOUTH COLLEGE 5221 HINMAN HANOVER NH	03755-0000	http://www.guidestar.org/ViewPdf.aspx?PdfSource=0&ein=01-0158946	https://www.citizenaudit.org/010158946/	http://greatnonprofits.org/org/sigma-delta-sorority-c-o-erin-rowell
SKOWHEGAN AREA CHAMBER OF COMMERCE 	23 COMMERCIAL ST SKOWHEGAN ME	04976-1714	http://www.skowheganchamber.com/index.php/contact-us	http://www.skowheganchamber.com/	http://visitmaine.com/organization/skowhegan-area-chamber-of-commerce/?uid=vtm57F1E08914A57E478
SORRENTO VILLAGE IMPROVEMENT ASSOCIATION 	PO BOX 343 SORRENTO ME	04677-0343	https://projects.propublica.org/nonprofits/organizations/10162690	https://www.donationplanet.org/charities/sorrento-village-improvement-association/	http://www.guidestar.org/ViewPdf.aspx?PdfSource=0&ein=01-0162690
NATIONAL SOCIETY UNITED STATES DAUGHTERS OF 1812 	49 CARRIAGE HILL DR WINDHAM ME	04062-4927	http://www.nonprofitlookup.com/profile/557809.html	https://www.fundraise.com/non-profit/windham-me-national-society-united-states-daughters-of-1812	http://www.orgcouncil.com/me/windham/national-society-united-states-daughters-of-1812-098.php
MAINE GROCERS & FOOD PRODUCERS ASSOCIATION 	PO BOX 5234 AUGUSTA ME	04332-5234	https://www.mgfpa.org/wp-content/uploads/2015/02/2015-Scholarship-Application.pdf	https://www.mgfpa.org/wp-content/uploads/2015/02/Scholarship-Program-Notice-2015.pdf	https://www.mgfpa.org/
MAINE TOURISM ASSOCIATION 	327 WATER ST HALLOWELL ME	04347-1341	http://www.mainetourism.com/contact-us	https://local.yahoo.com/info-10431917-maine-tourism-association-hallowell	http://www.yelp.com/biz/maine-tourism-association-hallowell
RETAIL ASSOCIATION OF MAINE 	45 MELVILLE STREET SUITE 1 AUGUSTA ME	04330-6306	http://www.councilsra.com/index.php?servId=5028&option=com_community&view=search&isMenu=true&uuId=51b595dc975f2&filter=pqr&Itemid=112	http://www.retailmaine.org/media/retailassocme_application_2015.pdf.pdf	http://www.retailmaine.org/directory/
SHRINERS INTERNATIONAL 	586 MAIN ST BANGOR ME	04401-6822	http://anahshriners.org/files/2015/08/87627-August-Anahgram-FOR-WEB1.pdf	http://anahshriners.org/	http://www.charityblossom.org/directory/ME/Bangor/?page=16
SHRINERS INTERNATIONAL 	586 MAIN ST BANGOR ME	04401-6822	http://anahshriners.org/files/2015/08/87627-August-Anahgram-FOR-WEB1.pdf	http://anahshriners.org/	http://www.charityblossom.org/directory/ME/Bangor/?page=16
TREFETHEN EVERGREEN IMPROVEMENT 	308 SEASHORE AVE PEAKS ISLAND ME	04108-1441	http://nonprofitlocator.org/organizations/me/peaks-island/010173095-trefethen-evergreen-improvement	http://www.guidestar.org/ViewPdf.aspx?PdfSource=0&ein=01-0173095	http://www.orgcouncil.com/me/peaks-island/trefethen-evergreen-improvement-095.php
ORDER OF THE EASTERN STAR OF NEW HAMPSHIRE GRAND CHAPTER 	PO BOX 8795 PENACOOK NH	03303-8795	https://projects.propublica.org/nonprofits/organizations/10174648	https://www.donationplanet.org/charities/order-of-the-eastern-star-of-new-hampshire-grand-chapter/	https://www.charitybox.com/charities/order-of-the-eastern-star-of-new-hampshire-grand-chapter
UNITED COMMERCIAL TRAVELERS OF AMERICA 	247 SUMMER ST AUBURN ME	04210-5129	https://www.donationplanet.org/charities/united-commercial-travelers-of-america/	http://nonprofitlocator.org/organizations/me/auburn/010174845-united-commercial-travelers-of-america	http://www.orgcouncil.com/me/auburn/united-commercial-travelers-of-america-845.php
WALDO COUNTY GENERAL HOSPITAL 	118 NORTHPORT AVE BOX 287 BELFAST ME	04915-6009	http://www.wchi.com/	http://www.wcgh.org/about-us/contact/	http://www.wcgh.org/patients-visitors/medical-records/
MID-MAINE CHAMBER OF COMMERCE 	50 ELM ST WATERVILLE ME	04901-6015	https://www.midmainechamber.com/	https://www.midmainechamber.com/cms/index.php/events	https://www.facebook.com/MidMaineChamber
SOUTHERN MAINE HEALTH CARE 	PO BOX 626 BIDDEFORD ME	04005-0626	http://www.smhc.org/about-smhc/contact-us	http://www.smhc.org/billing/billing-information	http://www.smhc.org/privacy-information/website-privacy-notice
WEST OXFORD AGRICULTURAL SOCIETY 	PO BOX 78 FRYEBURG ME	04037-0078	http://www.fryeburgfair.org/Fair-Info/About-Us/West-Oxford-Agricultural-Society	http://fryeburgbusiness.com/directory/name/fryeburg-fair-west-oxford-agricultural-society/	http://www.facebook.com/permalink.php?id=420604781328760&story_fbid=885772988145268
WINDSOR IMPROVEMENT CORPORATION 	PO BOX 66 WINDSOR VT	05089-0066	https://projects.propublica.org/nonprofits/organizations/10180687	http://nonprofits.findthecompany.com/l/137504/Windsor-Improvement-Corporation	http://greatnonprofits.org/org/windsor-improvement-corporation
WOODFORDS CLUB 	179 WOODFORD ST PORTLAND ME	04103-5601	http://www.woodfordsclub.org/	http://www.yelp.com/biz/woodfords-club-portland	http://home.myfairpoint.net/~woodfordsclub/about.html
YORK HARBOR READING ROOM 	491 YORK STREET YORK HARBOR ME	03911-0000	http://www.yorkharborreading.com/Contact/default.aspx	https://www.theknot.com/marketplace/york-harbor-reading-room-york-harbor-me-437374	http://chamber.gatewaytomaine.org/list/member/york-harbor-reading-room-the-594
YOUNG MENS CHRISTIAN ASSOCIATION STATE OF MAINE 	305 WINTHROP CENTER RD WINTHROP ME	04364-3543	http://www.maineycamp.org/	https://projects.propublica.org/nonprofits/organizations/10186800	http://greatnonprofits.org/org/young-mens-christian-association-state-of-maine
ROCKLAND CEMETERY ASSOCIATION 	PO BOX 664 ROCKLAND ME	04841-0664	http://fourlawmaine.com/attorneys-staff/edward-collins/	http://fourlawmaine.com/	https://projects.propublica.org/nonprofits/organizations/10187940
INTERNATIONAL UNION OF PAINTERS AND ALLIED TRADES 	34 COMMERCIAL DR BRENTWOOD NH	03833-6630	http://iupatdc35.org/unions	http://www.iupat.org/directory/directory.pdf	http://www.faqs.org/tax-exempt/NH/International-Union-Of-Painters-And-Allied-Trades-1915-Bpat.html
CENTRAL AROOSTOOK CHAMBER OF COMMER CE 	3 HOULTON RD PRESQUE ISLE ME	04769-5207	http://www.centralaroostookchamber.com/	http://www.mapquest.com/us/maine/business-presque-isle/central-aroostook-chamber-353841240	http://www.yellowpages.com/presque-isle-me/mip/central-aroostook-chamber-18244551
MAINE AUTOMOBILE DEALERS ASSOCIATION INC 	PO BOX 2667 AUGUSTA ME	04338-2667	http://maineautodealers.com/	http://www.maineautodealers.com/insdownl.html	http://maineautodealers.com/tom.htm
NORTHERN MAINE FAIR ASSOCIATION 	PO BOX 804 PRESQUE ISLE ME	04769-0804	http://www.northernmainefairgrounds.com/contactus	http://www.mainefairs.org/fairs.html	http://phoo.com/local/me/presque-isle/community-services/northern-maine-fair-association/6201383/index.htm
VETERANS OF FOREIGN WARS OF THE UNITED STATES DEPT OF MAINE 	PO BOX 56 RUMFORD ME	04276-0056	http://mainevfw.org/department-directory.php	http://www.mainevfw.org/files/July%2015%20GO.pdf	http://greatnonprofits.org/org/veterans-of-foreign-wars-of-the-united-states-dept-of-maine-5
AMERICAN LEGION POST 0002 FITZGERALD-CUMMINGS 	PO BOX 5244 AUGUSTA ME	04332-5244	http://www.guidestar.org/ViewPdf.aspx?PdfSource=0&ein=01-0191837	http://nonprofits.findthecompany.com/l/40879/American-Legion-Post-0002-Fitzgerald-cummings	http://www.charityblossom.org/nonprofit/american-legion-post-0002-fitzgerald-cummings-augusta-me-04332-010191837/
CUMBERLAND CEMETERY ASSOCIATION 	36 BRUCE HILL RD CUMBERLAND CTR ME	04021-3452	http://www.manta.com/c/mw2ds0w/cumberland-cemetery-association	http://www.directionus.com/me/cumberland-center/cumberland-cemetery-association.html	http://cumberland-cemetery-association.cumberland-center.me.amfibi.directory/us/c/16764643-cumberland-cemetery-association
UNITE HERE 	33 HARRISON AVE FL 8 BOSTON MA	02111-2035	http://unitehere.org/who-we-are/affiliates/	http://unitehere.org/	http://www.local26.org/
HOULTON CHAMBER OF COMMERCE 	109 MAIN ST HOULTON ME	04730-2123	http://www.greaterhoulton.com/	http://www.mainetourism.com/services/greater-houlton-chamber-of-commerce-7l	http://visitmaine.com/organization/greater-houlton-chamber-of-commerce/?uid=vtmB492B4356FFE23CCD
CHILD EVANGELISM FELLOWSHIP INC 	431 CAMPGROUND RD LIVERMORE FLS ME	04254-4517	http://www.faqs.org/tax-exempt/ME/Child-Evangelism-Fellowship-Inc-Camp-Good-News-Chapter.html	http://www.faqs.org/tax-exempt/ME/Child-Evangelism-Fellowship-Inc-Western-Maine-Chapter.html	http://www.faqs.org/tax-exempt/ME/Child-Evangelism-Fellowship-Inc-Eastern-Maine-Chapter.html
VETERANS OF FOREIGN WARS OF THE UNITED STATES DEPT OF MAINE 	6 STATE RD PRESQUE ISLE ME	04769-2148	https://www.donationplanet.org/charities/veterans-of-foreign-wars-of-the-united-states-dept-of-maine-2/	http://greatnonprofits.org/org/veterans-of-foreign-wars-of-the-united-states-dept-of-maine-4	http://nonprofits.findthecompany.com/l/190010/Veterans-of-Foreign-Wars-of-the-United-States-Dept-of-Maine-in-Presque-Isle-ME
AMERICAN LEGION POST 22-ADJTANT-FINANCE OFFICER 	80 POND RD NEW GLOUCESTR ME	04260-2600	http://www.mainelegion.org/media/misc/DIRECT%202016.pdf	http://www.legion.org/	http://www.oceanviewrc.com/wp-content/uploads/2013/09/NovDec2013.pdf
YORK CHAMBER OF COMMERCE 	1 STONEWALL LN YORK ME	03909-1662	http://gatewaytomaine.org/	http://gatewaytomaine.org/greater-york-region-chamber-of-commerce-areas/	http://gatewaytomaine.org/chamber-events-2014-15/
ANCIENT FREE & ACCEPTED MASONS OF MAINE 	PO BOX 766 GARDINER ME	04345-0766	https://www.donationplanet.org/charities/ancient-free-accepted-masons-of-maine-3/	http://nonprofits.findthecompany.com/l/50011/Ancient-Free-And-Accepted-Masons-of-Maine-in-Gardiner-ME	http://nonprofitlocator.org/organizations/me/gardiner/010196124-ancient-free-and-accepted-masons-of-maine
MAINE STATE CU 	PO BOX 5659 AUGUSTA ME	04332-5659	http://www.mainestatecu.org/right.php/pid/10	http://www.mainestatecu.org/interior.php/pid/8	http://mainestatecu.org/Membership
IRIS NETWORK 	189 PARK AVE PORTLAND ME	04102-2909	http://www.theiris.org/	http://www.theiris.org/contact	http://www.theiris.org/contact/directions
MAINE COAST REGIONAL HEALTH FACILITIES 	50 UNION ST ELLSWORTH ME	04605-1534	http://www.mcmhospital.org/	http://www.carebulletin.com/me/pac1052208113-internal-medicine.php	http://www.carebulletin.com/me/pac1052208113-family-practice.php
NORTHEAST HARBOR FLEET 	PO BOX 286 NORTHEAST HARBOR ME	04662-0000	http://www.nehfleet.org/	http://www.nehfleet.org/contact/	http://www.nehss.org/
ABENAKEE CLUB 	PO BOX 468 BIDDEFORD ME	04005-0468	http://nonprofitlocator.org/organizations/me/biddeford/010199142-abenakee-club	http://www.faqs.org/tax-exempt/ME/Abenakee-Club.html	http://www.charityblossom.org/nonprofit/abenakee-club-biddeford-me-04005-010199142/
VETERANS OF FOREIGN WARS OF THE UNITED STATES DEPT OF MAINE 	330 WALDO ST RUMFORD ME	04276-1714	http://mainevfw.org/department-directory.php	http://mainevfw.org/posts.php	http://mainevfw.org/files/Aug%2013%20GOs.pdf
PORTLAND PLAYERS INC 	420 COTTAGE RD S PORTLAND ME	04106-4921	http://www.portlandplayers.org/	http://www.portlandplayers.org/#!buy-tickets-now/c1lug	http://www.yelp.com/biz/the-portland-players-south-portland
MAINE MEDICAL CENTER WOMENS BOARD CANTEEN & GIFT SHOP 	22 BRAMHALL ST PORTLAND ME	04102-3134	https://projects.propublica.org/nonprofits/organizations/10199596	http://www.faqs.org/tax-exempt/ME/Maine-Medical-Center-Womens-Board-Canteen-Gift-Shop.html	https://www.fundraise.com/non-profit/maine-medical-center-womens-board-canteen-gift-shop
FORT FAIRFIELD CHAMBER OF COMMERCE 	18 COMMUNITY CENTER DR FT FAIRFIELD ME	04742-1193	http://www.fortfairfield.org/chamber.html	http://www.fortfairfield.org/	http://www.fortfairfield.org/contact-us.html
SOMERSET MASONIC BLDG ASSOCIATION 	61 HEALD ST MADISON ME	04950-1636	https://www.donationplanet.org/charities/somerset-masonic-bldg-association/	http://www.charityblossom.org/nonprofit/somerset-masonic-bldg-association-madison-me-04950-robert-ward-010199702/	http://nonprofitlocator.org/organizations/me/madison/010199702-somerset-masonic-bldg-association
AMERICAN LEGION POST 0147 THOS O CYR 	353 MAIN ST MADAWASKA ME	04756-1477	https://projects.propublica.org/nonprofits/organizations/10199895	https://www.citizenaudit.org/010199895/	http://www.charityblossom.org/nonprofit/american-legion-post-0147-thos-o-cyr-madawaska-me-04756-010199895/
BAR HARBOR YACHT CLUB INC 	PO BOX 568 BAR HARBOR ME	04609-0568	http://www.barharboryachtclub.com/contact.htm	http://www.barharboryachtclub.com/BAR%20HARBOR%20YACHT%20CLUB.pdf	http://www.faqs.org/tax-exempt/ME/Bar-Harbor-Yacht-Club-Inc.html
VETERANS OF FOREIGN WARS OF THE UNITED STATES DEPT OF MAINE 	PO BOX 1865 AUBURN ME	04211-1865	http://nonprofitlocator.org/organizations/me/auburn/010200646-veterans-of-foreign-wars-of-the-united-states-dept-of-maine	http://nonprofits.findthecompany.com/l/10681/Veterans-of-Foreign-Wars-of-the-United-States-Dept-of-Maine-in-Auburn-ME	http://greatnonprofits.org/org/veterans-of-foreign-wars-of-the-united-states-dept-of-maine-6
AMERICAN LEGION 	PO BOX 342 WINTHROP ME	04364-0342	http://obituaries.centralmaine.com/obituaries/mainetoday-centralmaine/obituary.aspx?n=thornton-a-graves&pid=175706906	http://www.khrfuneralhomes.com/obituaries/Carol-Hasenfusfeeneycobb/Obituary	http://www.mainelegion.org/media/DEPT%20OF%20MAINE%20POSTS%20(Add%20and%20PhoneNo)B.pdf
GRINDSTONE ASSOCIATION 	PO BOX 2 WINTER HARBOR ME	04693-0002	http://www.grindstoneassociation.wildapricot.org/Local-Winter-Harbor-Charities	http://www.grindstoneassociation.wildapricot.org/	http://nonprofitlocator.org/organizations/me/winter-harbor/010202445-grindstone-association
MOUNT DESERT ISLAND BIOLOGICAL LABORATORY 	PO BOX 35 SALSBURY COVE ME	04672-0035	https://mdibl.org/faculty/james-a-coffman/	https://mdibl.org/faculty/dustin-updike/	http://www.charitynavigator.org/index.cfm?bay=search.summary&orgid=5954
AMERICAN LEGION POST 0049 LEVASSEUR -FARRELL POST 	PO BOX 296 VAN BUREN ME	04785-0296	http://www.charityblossom.org/nonprofit/american-legion-post-0049-levasseur-arrell-post-van-buren-me-04785-010203373/	http://www.vanburenmaine.com/documents/chamber/chamber_membership_2015.pdf	http://post_119_gulfport_ms.tripod.com/me.html
SACO VALLEY CREDIT UNION 	PO BOX 740 SACO ME	04072-0740	http://www.sacovalley.org/contact/	http://www.sacovalley.org/contact/branch-locations.htm	http://www.sacovalley.org/about/privacy.htm
AMERICAN LEGION 	PO BOX 582 ROCKLAND ME	04841-0582	https://www.facebook.com/pages/American-legion-rockland-maine/150345281687209	http://www.winslowholbrookmerrittpost1.org/	http://www.winslowholbrookmerrittpost1.org/index.php?id=15
MAINE STATE EMPLOYEES ASSOCIATION 	65 STATE ST AUGUSTA ME	04330-5126	https://www.mseaseiu.org/	http://www.mseaseiu.org/contact2.html	http://www.mseaseiu.org/contact.html
WATERVILLE COUNTRY CLUB INCORPORATED 	PO BOX 459 WATERVILLE ME	04903-0459	http://www.oaklandmaine.us/index.asp?Type=B_BASIC&SEC=%7BD294D0AB-AA77-423D-859F-80B8B0C954BE%7D	http://www.oaklandmaine.us/index.asp?SEC=E9F30A83-56F0-46C4-8DF4-7AF3216C9EBA&Type=B_BASIC	http://www.siteselector.info/ME/04903/WATERVILLE-SELF-STORAGE-INC-in-WATERVILLE-ME-04903-0436.html
MARTIN-KLEIN AMERICAN LEGION POST 133 	411 W MAIN ST FORT KENT ME	04743-1016	https://www.facebook.com/americanlegionpost0133	https://www.facebook.com/americanlegionpost0133/?fref=nf	http://americanlegionpost133.org/events-2/locations/
RIVERSIDE CEMETERY CORPORATION 	PO BOX 718 FT FAIRFIELD ME	04742-0718	http://www.faqs.org/tax-exempt/ME/Riverside-Cemetery-Corporation.html	https://projects.propublica.org/nonprofits/organizations/10205019	http://nonprofitlocator.org/organizations/me/fort-fairfield/010205019-riverside-cemetery-corporation
BROOKSIDE CEMETERY ASSOCIATION INC 	PO BOX 99 MOUNT DESERT ME	04660-0099	http://www.faqs.org/tax-exempt/ME/Brookside-Cemetery-Association-Inc.html	https://projects.propublica.org/nonprofits/organizations/10205722	http://www.charityblossom.org/nonprofit/brookside-cemetery-association-inc-mount-desert-me-04660-010205722/
BLUE HILL COUNTRY CLUB INC 	PO BOX 813 BLUE HILL ME	04614-0813	http://www.faqs.org/tax-exempt/ME/Blue-Hill-Country-Club-Inc.html	http://www.oobgolf.com/courses/course/6802/Blue_Hill_Country_Club.html	https://pga.org/blue-hill-country-club-0
LEDGELAWN CEMETERY INCORPORATED 	33 LEDGELAWN AVE BAR HARBOR ME	04609-1303	http://www.faqs.org/tax-exempt/ME/Ledgelawn-Cemetery-Incorporated.html	https://projects.propublica.org/nonprofits/organizations/10206454	http://www.manta.com/c/mw2sr3m/ledgelawn-cemetery-inc
STATE CHARTERED CREDIT UNIONS IN 	144 PINE ST LEWISTON ME	04240-6968	http://wallethub.com/credit-unions/lewiston-me/	http://wallethub.com/banks/lewiston-me/	http://wallethub.com/credit-unions/auburn-me/
ANCIENT FREE & ACCEPTED MASONS OF MAINE 	102 BISHOP ST PORTLAND ME	04103-2616	http://www.faqs.org/tax-exempt/ME/Ancient-Free-Accepted-Masons-Of-Maine-80-Keystone-Lodge.html	http://www.faqs.org/tax-exempt/ME/Ancient-Free-Accepted-Masons-Of-Maine-128-Ira-Berry.html	http://www.faqs.org/tax-exempt/ME/Ancient-Free-Accepted-Masons-Of-Maine-217-Ralph-J-Pollard-Lodge.html
FAIRMOUNT CEMETERY ASSOC 	82 MAIN ST PRESQUE ISLE ME	04769-2866	http://www.fairmountcemeterypresqueisle.com/	http://www.faqs.org/tax-exempt/ME/Fairmount-Cemetery-Assoc.html	https://www.citizenaudit.org/010207022/
GREEN LAWN REST ASSOCIATION 	179 TARDIFF RD CLINTON ME	04927-3814	http://nonprofitlocator.org/organizations/me/clinton/010207025-green-lawn-rest-association	http://www.charityblossom.org/nonprofit/green-lawn-rest-association-clinton-me-04927-dianahartley-010207025/	http://www.taxexemptworld.com/organization.asp?tn=62697
INDEPENDENT ORDER OF ODD FELLOWS 	59 OLD POINT AVE MADISON ME	04950-1116	http://www.charityblossom.org/nonprofit/independent-order-of-odd-fellows-madison-me-04950-fred-carrigan-010207282/	http://www.charityblossom.org/nonprofit/independent-order-of-odd-fellows-madison-me-04950-frederick-carrigarn-237608218/	http://nonprofitlocator.org/organizations/me/madison/010207282-independent-order-of-odd-fellows
VICTORIA MANSION 	109 DANFORTH ST PORTLAND ME	04101-4504	http://victoriamansion.org/	http://www.victoriamansion.org/visit/default.aspx	http://www.tripadvisor.com/Attraction_Review-g40827-d198679-Reviews-Victoria_Mansion-Portland_Maine.html
AMERICAN LEGION GROVER HINCKLEY 	PO BOX 312 FAIRFIELD ME	04937-0312	https://projects.propublica.org/nonprofits/organizations/10207850	http://www.charityblossom.org/nonprofit/american-legion-grover-hinckley-fairfield-me-04937-010207850/	http://nonprofitlocator.org/organizations/me/fairfield/010207850-american-legion-grover-hinckley
ANCIENT FREE & ACCEPTED MASONS OF MAINE 	22 POLAND ST PORTLAND ME	04103-3328	https://www.donationplanet.org/charities/ancient-free-accepted-masons-of-maine-4/	http://www.mainemason.org/lodges/lodgesbytown.asp	http://www.charityblossom.org/directory/ME/Portland/04103/
DELTA TAU DELTA FRATERNITY 	111 COLLEGE AVE ORONO ME	04473-4211	http://umaine.edu/greek/chapters-2/delta-tau-delta/	https://www.facebook.com/MaineDelt	http://www.delts.org/chapters/imported-2015-06-02/university-of-maine/?back=Chapters
AMERICAN LEGION POST 0015 HENRY B PRATT 	PO BOX 5 CARIBOU ME	04736-0005	https://projects.propublica.org/nonprofits/organizations/10210495	https://www.fundraise.com/non-profit/caribou-me-american-legion-post-0015-henry-b-pratt	http://www.orgcouncil.com/me/caribou/american-legion-post-0015-henry-b-pratt-495.php
KAPPA DELTA PHI NATIONAL AFFILIATED SORORITY INC 	19 CHARLES ST WOBURN MA	01801-3035	https://www.donationplanet.org/charities/kappa-delta-phi-national-affiliated-sorority-inc-2/	http://www.guidestar.org/ViewPdf.aspx?PdfSource=0&ein=05-0392278	https://www.citizenaudit.org/010374293/
THE CHAPMAN HOUSE 	41 PLEASANT ST AUBURN ME	04210-5936	http://www.chapmanhouse.org/	http://www.chapmanhouse.org/jobs.html	https://www.ourparents.com/maine/auburn/the_chapman_house
UNITED WAY OF EASTERN MAINE 	700 MAIN ST # 1 BANGOR ME	04401-6800	http://www.unitedwayem.org/	http://www.unitedwayem.org/contact-us	http://www.unitedwayem.org/join-our-team
BANGOR CHILDRENS HOME 	218 OHIO ST BANGOR ME	04401-4741	https://en.wikipedia.org/wiki/Bangor_Children's_Home	http://bangorhilltopschool.com/	http://bangorhilltopschool.com/History.html
COMMUNITY HEALTH AND COUNSELING SERVICES 	42 CEDAR ST BANGOR ME	04401-6433	http://www.chcs-me.org/feed.php?num=&news_id=53&feed_id=16	http://www.chcs-me.org/index.php?id=35	http://www.chcs-me.org/
BANGOR THEOLOGICAL SEMINARY 	97 INDIA STREET PORTLAND ME	04101-4248	http://www.mapquest.com/us/maine/schools-portland/bangor-theological-seminary-354094048	https://local.yahoo.com/info-167265952-bangor-theological-seminary-portland	https://m.facebook.com/Bangor-Theological-Seminary-95786101188/?__tn__=C
BANGOR YOUNG MENS CHRISTIAN ASSOCIATION 	17 2ND ST BANGOR ME	04401-6133	http://www.bangory.org/	http://www.hourszone.com/ymca-locations-hours/maine/bangor/4504158	https://projects.propublica.org/nonprofits/organizations/10211485
MT DESERT ISLAND YMCA 	21 PARK ST BAR HARBOR ME	04609-1316	http://www.mdiymca.org/index.php?page=contact	http://www.mdiymca.org/	http://www.mdiymca.org/index.php?page=fall-half-marathon-5k
BIBLE SOCIETY OF MAINE 	105 HARRIS AVE PORTLAND ME	04103-1515	http://www.biblesocietyofmaine.org/	http://www.biblesocietyofmaine.org/feedback197.htm	http://www.biblesocietyofmaine.org/contactus41.htm
TRUSTEES OF BLOOMFIELD ACADEMY 	9 ELM ST SKOWHEGAN ME	04976-1201	http://www.manta.com/c/mtm0z4d/trustees-of-bloomfield-academy	http://www.museums.io/museums/141236	http://www.yellowpages.com/skowhegan-me/trustees-of-bloomfield-academy
BOY SCOUTS OF AMERICA 	PO BOX 1869 BANGOR ME	04402-1869	http://www.katahdinareabsa.org/contact/	http://www.katahdinareabsa.org/support/	http://www.katahdinareabsa.org/about/
BOY SCOUTS OF AMERICA 	146 PLAINS RD RAYMOND ME	04071-6234	http://pinetreebsa.org/	http://pinetreebsa.org/pine-tree-scout-shop/	http://pinetreebsa.org/properties/
CENTRAL MAINE MEDICAL CENTER 	PO BOX 4500 LEWISTON ME	04243-4500	https://secure.cmmc.org/billing-contact-us	https://secure.cmmc.org/education-health-library-hours	http://localbiziness.com/biz/central-maine-medical-center-6a8771a4b
PRESIDENT & TRUSTEES OF COLBY COLLEGE 	4120 MAYFLOWER HL WATERVILLE ME	04901-8841	https://www.colby.edu/	http://www.colby.edu/president/	http://www.charityblossom.org/directory/ME/Waterville/?page=2
MAINE CONFERENCE UNITED CHURCH OF CHRIST 	1 WESTON CT STE 104 AUGUSTA ME	04330-5543	http://maineucc.org/	http://maineucc.org/the-maine-conference-center/	http://maineucc.org/maine-conference-united-church-of-christ/
DYER LIBRARY ASSOCIATION 	371 MAIN ST SACO ME	04072-1520	http://www.dyerlibrarysacomuseum.org/	http://www.dyerlibrarysacomuseum.org/lib_home.shtml	http://www.dyerlibrarysacomuseum.org/mus_about.shtml
EASTERN MAINE HEALTHCARE SYSTEMS 	489 STATE ST BANGOR ME	04401-6616	https://emmc.org/	https://emmc.org/Providers.aspx	https://emmc.org/Family-Medicine-Center-and-Residency.aspx
EASTPORT PUBLIC LIBRARY ASSOCIATION 	26 WATER ST EASTPORT ME	04631-1531	https://projects.propublica.org/nonprofits/organizations/10211502	http://www.faqs.org/tax-exempt/ME/Eastport-Public-Library-Association.html	http://www.guidestar.org/ViewPdf.aspx?PdfSource=0&ein=01-0211502
FRANKLIN MEMORIAL HOSPITAL 	111 FRANKLIN HEALTH CMNS FARMINGTON ME	04938-6144	http://www.fchn.org/	http://www.fchn.org/employment	http://www.fchn.org/paying-for-care
EUNICE FRYE HOME 	PO BOX 31 PORTLAND ME	04112-0031	http://www.megrants.org/eunicefryehomefdn.cfm	http://www.megrants.org/eunicefryeapplication.cfm	http://www.faqs.org/tax-exempt/ME/Eunice-Frye-Home.html
THE TRUSTEES OF FRYEBURG ACADEMY 	745 MAIN ST FRYEBURG ME	04037-1322	http://www.fryeburgacademy.org/	http://www.fryeburgacademy.org/Page/About/Leadership	https://projects.propublica.org/nonprofits/organizations/10211505
GOOD SAMARITAN AGENCY 	100 RIDGEWOOD DR BANGOR ME	04401-2652	https://www.facebook.com/GOOD-SAMARITAN-AGENCY-218562664357/	http://www.goodsamaritanbangor.org/index.php/adoption-services/post-legal-adoption-services-plas	https://bangordailynews.com/pressrelease/good-samaritan-agency-100-ridgewood-drive-bangor-me-announces-its-participation-in-the-usda-child-and-adult-care-food-program/
GOOD WILL HOME ASSOCIATION 	16 PRESCOTT DRIVE HINCKLEY ME	04944-0000	http://gwh.org/	http://gwh.org/AboutGWH/GoodWillHomeAssociation.aspx	http://gwh.org/ContactUs.aspx
GOULD ACADEMY 	24CHURCH ST DEL PK MASON HOUSE BETHEL ME	04217-0000	https://projects.propublica.org/nonprofits/organizations/10211509	http://www.faqs.org/tax-exempt/ME/Gould-Academy.html	https://www.razoo.com/story/Gould-Academy
HOME FOR THE AGED 	777 STEVENS AVENUE PORTLAND ME	04103-2675	http://parkdanforth.com/	http://parkdanforth.com/contact-us/	http://parkdanforth.com/about-us/
JACKSON LABORATORY 	600 MAIN ST BAR HARBOR ME	04609-1523	https://www.jax.org/	https://www.jax.org/contact-jax	https://www.jax.org/about-us/locations/bar-harbor
JEWISH COMMUNITY COUNCIL OF BANGOR 	PO BOX 11 BANGOR ME	04402-0011	http://www.guidestar.org/ViewPdf.aspx?PdfSource=0&ein=01-0211515	https://greatnonprofits.org/org/jewish-community-council-of-bangor	http://www.orgcouncil.com/me/bangor/jewish-community-council-of-bangor-515.php
CEDARS NURSING CARE CENTER INC 	630 OCEAN AVE PORTLAND ME	04103-2704	http://www.thecedarsportland.org/	http://www.thecedarsportland.org/contact/	http://health.usnews.com/best-nursing-homes/area/me/cedars-nursing-care-center-205003
MAINE COUNCIL OF CHURCHES 	156 HIGH ST PORTLAND ME	04101-2825	http://mainecouncilofchurches.org/staff/	http://mainecouncilofchurches.org/	http://mainecouncilofchurches.org/about-us/
MAINE HISTORICAL SOCIETY 	489 CONGRESS ST STE 2 PORTLAND ME	04101-3415	http://www.tripadvisor.com/Attraction_Review-g40827-d645186-Reviews-Maine_Historical_Society-Portland_Maine.html	https://www.mainehistory.org/	https://www.mainehistory.org/about_visit.shtml
KENTS HILL SCHOOL 	PO BOX 257 KENTS HILL ME	04349-0257	http://www.boardingschoolreview.com/school_ov/school_id/183	http://boarding-schools.startclass.com/l/119302/Kents-Hill-School	http://www.aisne.org/kents-hill-school/
MCARTHUR LIBRARY ASSOCIATION 	270 MAIN ST BIDDEFORD ME	04005-2413	http://www.mcarthurpubliclibrary.org/	http://www.mcarthurpubliclibrary.org/about.html	http://www.mcarthurpubliclibrary.org/mcarthur-adult-services.html
MERCY HOSPITAL 	144 STATE ST PORTLAND ME	04101-3776	https://mercyhospital.org/	http://findadoc.mercyhospital.org/	http://health.usnews.com/best-hospitals/area/me/mercy-hospital-of-portland-6110008
NORTH YARMOUTH ACADEMY BUSINESS OFFICE 	148 MAIN ST YARMOUTH ME	04096-6712	http://www.nya.org/	https://www.nya.org/about/businessoffice/	https://www.nya.org/about/mapdirect/
OAK GROVE SCHOOL 	86 WINTHROP ST STE 1 AUGUSTA ME	04330-5566	http://www.guidestar.org/ViewPdf.aspx?PdfSource=0&ein=01-0211537	http://nonprofits.findthecompany.com/l/24589/Oak-Grove-School-in-Augusta-ME	http://nccsweb.urban.org/communityplatform/nccs/organization/profile/id/010211537/popup/1
CAMP O-AT-KA INC 	593 SEBAGO RD SEBAGO ME	04029-3604	http://www.yelp.com/biz/camp-o-at-ka-sebago-2	http://camp-o-at-ka-inc.sebago.me.amfibi.directory/us/c/2082667-camp-o-at-ka-inc	http://www.campchannel.com/summer-camps/Camp-O-AT-KA-1574.html
PATTEN FREE LIBRARY 	33 SUMMER ST BATH ME	04530-2632	http://www.patten.lib.me.us/	http://www.patten.lib.me.us/library-bookstore/	http://www.maine.gov/msl/mainelibs/displaypub.shtml?id=36828
CATHERINE MORRILL DAY NURSERY 	96 DANFORTH ST PORTLAND ME	04101-4523	http://www.catherinemorrill.org/	http://www.catherinemorrill.org/tuition/	http://www.catherinemorrill.org/staff/
BOYS & GIRLS CLUBS OF SOUTHERN MAINE 	277 CUMBERLAND AVE PORTLAND ME	04101-4919	http://www.bgcmaine.org/	http://volunteermaine.galaxydigital.com/volunteer/agency/display/boys-girls-clubs-of-southern-maine/?agency_id=21354	http://www.gsfb.org/foodmap_locations/boys-girls-club-southern-maine/
PORTLAND SEAMENS FRIEND SOCIETY 	14 LEWIS ST WESTBROOK ME	04092-2614	http://www.manta.com/c/mr5ps2g/portland-seamens-friend-society	http://www.usbiz.org/portland-seamens-friend-society-westbrook-me-04092.us	http://www.smallbusinessdb.com/portland-seamens-friend-society-westbrook-me-04092.htm
COMMUNITY HEALTH & NURSING SERVICES 	60 BARIBEAU DR BRUNSWICK ME	04011-3218	https://www.chanshomehealthcare.com/	https://www.chanshomehealthcare.com/contact-chans.htm	https://www.chanshomehealthcare.com/provider-referral-forms.aspx
REDINGTON MEMORIAL HOME 	11 NORTH AVE SKOWHEGAN ME	04976-1819	http://www.maineassistedlivingfacility.com/	http://www.maineassistedlivingfacility.com/contact.aspx	https://www.ourparents.com/maine/skowhegan/redington_memorial_home
REDINGTON MEMORIAL HOSPITAL ASSOCIATION 	PO BOX 468 SKOWHEGAN ME	04976-0468	https://www.rfgh.net/	http://www.rfgh.net/ContactUs.aspx	http://www.rfgh.net/Providers/Hospitalist.aspx
ST MARYS REGIONAL MEDICAL CENTER 	PO BOX 7291 LEWISTON ME	04243-7291	http://www.stmarysmaine.com/Contact-Us/contact-us.html	http://www.stmarysmaine.com/Development-Office/st-marys-health-systems-development-office.html	http://www.stmarysmaine.com/Contact-Us/directions.html
SCOT-WEBB MEMORIAL MEDICAL CENTER 	PO BOX 53 HARTLAND ME	04943-0053	http://www.nonprofitfacts.com/ME/Scot-Webb-Memorial-Medical-Center.html	http://501c3lookup.org/scot-webb_memorial_medical_center/	http://990s.foundationcenter.org/990_pdf_archive/010/010211557/010211557_200712_990EZ.pdf
ST MARYS D YOUVILLE PAVILION 	PO BOX 7291 LEWISTON ME	04243-7291	http://www.stmarysmaine.com/Contact-Us/dyouville-department-directory.html	http://www.stmarysmaine.com/Contact-Us/contact-us.html	http://www.androscoggincounty.com/Nursing-Homes/St-Mary's-d'Youville-Pavilion-685
ABC OF MAINE 	PO BOX 6149 CHINA VILLAGE ME	04926-0149	http://www.charityblossom.org/directory/ME/China-Village/	http://www.taxexemptworld.com/organizations/china-village-me-maine.asp	http://www.orgcouncil.com/me/china-village/abc-of-maine-563.php
UNITED WAY OF ANDROSCOGGIN COUNTY INC 	PO BOX 888 LEWISTON ME	04243-0888	http://www.unitedwayandro.org/	http://www.unitedwayandro.org/contact-us	http://www.unitedwayandro.org/about-us
WAYNFLETE SCHOOL 	360 SPRING ST PORTLAND ME	04102-3643	https://www.waynflete.org/	https://www.waynflete.org/admission	http://www.greatschools.org/maine/portland/763-Waynflete-School/
YOUNG MENS CHRISTIAN ASSOCIATION AUBURN-LEWISTON MAINE 	62 TURNER ST AUBURN ME	04210-5953	http://www.alymca.org/	https://projects.propublica.org/nonprofits/organizations/10211567	http://www.guidestar.org/ViewPdf.aspx?PdfSource=0&ein=01-0211567
YOUNG MENS CHRISTIAN ASSOCIATION OF SOUTHERN MAINE 	70 FOREST AVE PORTLAND ME	04101-2813	http://www.faqs.org/tax-exempt/ME/Cumberland-County-Ymca.html	https://projects.propublica.org/nonprofits/organizations/10211568	https://projects.propublica.org/nonprofits/organizations/10407442
YOUNG WOMENS CHRISTIAN ASSOCIATION OF MOUNT DESERT ISLAND 	36 MOUNT DESERT ST BAR HARBOR ME	04609-1727	http://www.ywcamdi.org/	http://www.ywcamdi.org/site/c.arJKK0MEJhL4H/b.8086469/k.C69F/History.htm	https://www.facebook.com/ywcamdi/
YOUNG WOMENS CHRISTIAN ASSOCIATION OF CENTRAL MAINE 	130 EAST AVE LEWISTON ME	04240-5626	http://www.ywcamaine.org/wp-content/uploads/2012/06/2015-Request-for-Proposals-2.pdf	http://www.ywcamaine.org/contact-us/	http://www.ywcamaine.org/about/
LEWISTON MUNICIPAL FEDERAL CREDIT UNION 	291 PINE ST LEWISTON ME	04240-6308	https://www.lewistoncu.com/	https://www.lewistoncu.com/contact/	https://www.lewistoncu.com/contact/location-hours/
ABBE MUSEUM 	PO BOX 286 BAR HARBOR ME	04609-0286	http://www.abbemuseum.org/about/contact.html	http://www.acadiamagic.com/abbe-museum.html	http://www.sitesofconscience.org/members/abbe-museum-usa/
PRESIDENT AND TRUSTEES OF BATES COLLEGE 	220 COLLEGE STREET LEWISTON ME	04240-6760	https://projects.propublica.org/nonprofits/organizations/10211781	http://www.bates.edu/president/contact/	http://www.guidestar.org/ViewPdf.aspx?PdfSource=0&ein=01-0211781
CALAIS REGIONAL HOSPITAL 	24 HOSPITAL LN CALAIS ME	04619-1329	https://www.calaishospital.org/	https://www.calaishospital.org/employmentsearch/	https://www.calaishospital.org/?id=52&sid=1
CAMP FIRE 	336 BLACK POINT RD SCARBOROUGH ME	04074-8676	http://campketcha.org/	http://www.waynflete.org/ftpimages/64/download/download_1350548.pdf	http://www.yelp.com/biz/camp-ketcha-scarborough-3
CHEVERUS HIGH SCHOOL 	267 OCEAN AVE PORTLAND ME	04103-5707	http://www.cheverus.org/	http://www.cheverus.org/admissions	http://www.cheverus.org/history
FIRST BAPTIST CHURCH IN PORTLAND MAINE 	360 CANCO RD PORTLAND ME	04103-4223	http://www.yelp.com/biz/first-baptist-church-in-portland-portland	https://rtkendallministries.com/portland-maine	https://rtkendallministries.com/first-baptist-church-portland-me
SEVENTY-FIVE STATE STREET 	75 STATE STREET PORTLAND ME	04101-3746	http://www.75state.org/	http://www.75state.org/contact.html	http://www.75state.org/rates.html
LEWISTON-AUBURN CHILDRENS HOME 	PO BOX 7155 LEWISTON ME	04243-7155	https://projects.propublica.org/nonprofits/organizations/10211792	http://www.faqs.org/tax-exempt/ME/Lewiston-Auburn-Childrens-Home.html	https://www.citizenaudit.org/010211792/
MOUNT DESERT ISLAND HOSPITAL 	10 WAYMAN LN BAR HARBOR ME	04609-1625	https://www.mdihospital.org/	http://www.healthgrades.com/group-directory/me-maine/bar-harbor/mount-desert-island-hospital-oojrqms	http://health.usnews.com/best-hospitals/area/me/mount-desert-island-hospital-6110090
MOUNT DESERT NURSING ASSOCIATION 	PO BOX 397 NE HARBOR ME	04662-0397	http://www.mountdesertnursing.org/mdna/support.html	http://www.mountdesertnursing.org/mdna/contact.html	http://www.mountdesertnursing.org/mdna/news-releases.html
PLUMMER MEMORIAL HOSPITAL 	11 MAIN ST DEXTER ME	04930-1374	http://www.faqs.org/tax-exempt/ME/Plummer-Memorial-Hospital.html	https://projects.propublica.org/nonprofits/organizations/10211803	http://greatnonprofits.org/org/plummer-memorial-hospital
SWEETSER 	50 MOODY ST SACO ME	04072-1536	https://www.sweetser.org/locations/view/saco	http://www.sweetser.org/	http://www.sweetser.org/contactus.php
UNIVERSITY OF NEW ENGLAND 	11 HILLS BEACH RD BIDDEFORD ME	04005-9526	http://www.une.edu/	http://www.une.edu/com/healthservices	http://www.une.edu/admissions/undergrad/visit-une/directions-campus
KENNEBEC VALLEY YMCA 	31 UNION ST AUGUSTA ME	04330-6800	http://www.kvymca.org/	http://www.kvymca.org/contact	http://www.kvymca.org/content/campuses
BATH AREA FAMILY YMCA 	303 CENTRE ST BATH ME	04530-2089	http://bathymca.org/	http://bathymca.org/healthy-living/facility-information/directions-hours/	http://bathymca.org/aquatics/
PENOBSCOT BAY YMCA 	116 UNION ST BOX 840 ROCKPORT ME	04856-6102	http://penbayymca.net/	http://knox.villagesoup.com/p/penobscot-bay-ymca/294541	http://find-open.today/rockport-me/penobscot-bay-ymca-829963
YOUNG MENS CHRISTIAN ASSOCIATION SANFORD-SPRINGVALE 	1 EMILE LAVASSEUR DRIVE SANFORD ME	04073-0000	http://sanfordymca.org/	http://www.yelp.com/biz/sanford-springvale-ymca-sanford	http://www.manta.com/c/mmsdtz0/sanford-springvale-ymca
WEBBER AVENUE CLUB INC 	PO BOX 1633 LEWISTON ME	04241-1633	https://www.fundraise.com/non-profit/lewiston-me-webber-avenue-club-inc	http://greatnonprofits.org/org/webber-avenue-club-inc	http://www.guidestar.org/ViewPdf.aspx?PdfSource=0&ein=01-0212172
AMERICAN LEGION POST 0158 COOMBS MOUNTFORT 	PO BOX 575 LISBON ME	04250-0575	https://projects.propublica.org/nonprofits/organizations/10212178	https://www.citizenaudit.org/010212178/	http://www.orgcouncil.com/me/lisbon/american-legion-post-0158-coombs-mountfort-178.php
OLD ORCHARD BEACH CHAMBER OF COMMERCE 	11 1ST ST OLD ORCHD BCH ME	04064-2678	http://www.faqs.org/tax-exempt/ME/Old-Orchard-Beach-Chamber-Of-Commerce.html	https://projects.propublica.org/nonprofits/organizations/10212181	http://www.oldorchardbeachmaine.com/
CAMDEN AREA DISTRICT NURSING ASSOCIATION 	PO BOX 547 CAMDEN ME	04843-0547	https://211maineportal.communityos.org/zf/profile/agency/id/77984	https://211maineportal.communityos.org/zf/profile/service/id/198483	http://www.faqs.org/tax-exempt/ME/Camden-Area-District-Nursing-Association.html
ST JOSEPH HOSPITAL 	PO BOX 403 BANGOR ME	04402-0403	http://www.stjoeshealing.org/	http://www.stjoeshealing.org/our-services/our-services	http://www.stjoeshealing.org/billing/billing
MCARTHUR HOME FOR AGED PEOPLE ASSOC 	292 ELM STREET BIDDEFORD ME	04005-3035	https://projects.propublica.org/nonprofits/organizations/10212437	http://www.faqs.org/tax-exempt/ME/Mcarthur-Home-For-Aged-People-Assoc.html	http://nonprofits.findthecompany.com/l/138542/McArthur-Home-For-Aged-People-Assoc
MAINE CENTRAL INSTITUTE 	295 MAIN ST PITTSF